id,A_mse,B_mse,MTO_relative_improvement_percent,A_cosine,B_cosine
19441,0.00012480597257526953,2.2632948255299958e-05,81.86549266169918,0.5942691230174414,0.9255421042038164
114196,0.00021979567748838216,0.0002892905046093778,-31.617922570232974,0.7698161557623172,0.7631202525909173
43669,0.00010562327118757259,3.7167580000177624e-05,64.81118262833098,0.8667876540695915,0.9816525648905006
122349,0.0001115769673338885,3.277762108305279e-05,70.62330885462464,0.8886640803638243,0.9917749009066972
11246,0.0012813149149962962,0.0004858788019359026,62.07967329114349,0.561746649060711,0.8721752548903404
45528,0.00015338243858008434,0.0002640974171990187,-72.18230433931171,0.8883916741581456,0.8158107100877116
22095,0.0002639907593887771,0.00019878512901692254,24.699966969611516,0.6868128641282839,0.7971078690009809
35726,5.893905259526353e-05,3.9814354934387025e-05,32.448261074378735,0.8885795246540582,0.963419355673104
7813,3.507042359684122e-05,1.211295955378737e-05,65.46104006887907,0.745081508837421,0.9372775548254157
83739,3.2625118137436784e-05,2.1358660125635366e-05,34.533079587145906,0.8926753475762971,0.9397873348485928
32925,0.0008143625761383,0.0009774154693010814,-20.022149585504863,0.7126190120562582,0.6222730586362907
7725,0.0001810412523999591,0.00021106245732075609,-16.58252167548736,0.808477352248104,0.8326255992408106
6487,5.398259608675219e-05,0.00017468399550716457,-223.59317293010585,0.8576593386737634,0.8637752288340124
64585,0.0002821704735424552,0.0002792736468907011,1.026622883459936,0.6975255086342143,0.7648820279678614
26486,0.0004143188260041879,0.0002964547844582159,28.44766738762207,0.7903927275610406,0.8654075849387941
65425,0.00012266335389634898,4.549023440779267e-05,62.91456823671062,0.6815455554410714,0.9374640686400707
66534,0.00010424581798468609,1.033394183575238e-05,90.08694829631395,0.746004404275487,0.945702756025909
107247,6.57710453531159e-05,2.4057076815255688e-05,63.42299763353847,0.6695456341534326,0.8865495960440524
12576,0.0007615007904084551,0.0004799586533408884,36.972008514469515,0.7145995950493994,0.8305995384232155
79007,0.00015137265405207917,5.134492835075684e-05,66.08044651638875,0.8378911557752009,0.763679490037662
34083,0.00013668008312965602,9.624768408757137e-05,29.581778205190357,0.7250551163552864,0.9357931036224307
121433,0.00040416028072641345,0.000309506969245559,23.4197460746836,0.8185462342410528,0.8666924716807316
125337,0.000658523402364651,0.0001607322491068119,75.5920217064954,0.6808521192911464,0.9304703498814094
71310,0.00015823838376172907,9.573650250776446e-05,39.49855892618203,0.3613146686394182,0.35685565538592373
66411,0.00024378271740395133,0.00037675121929661313,-54.543859100697105,0.7444218231385299,0.8127276418519731
113147,0.0004632851058554763,0.00034990586336791304,24.472887441137033,0.8181195195249524,0.9902217534317855
95518,0.00016274849073360904,5.994321870822597e-05,63.168187650758256,0.8247721416420132,0.9741350781753471
76994,8.202717797364192e-05,5.42663658848473e-05,33.843431865613006,0.6845573770395975,0.81570390134143
84323,0.0017370851457093716,0.0020641503394627824,-18.82839160540098,0.6438267016018262,0.5612120861633866
8590,6.0828346901130306e-05,1.7278308597989207e-05,71.59497261026479,0.7646746773145825,0.9268866527051328
22617,0.0001807829478514109,0.0002447040072174411,-35.35790301337944,0.8250220906707991,0.7749347595944047
71420,6.123718552573365e-05,4.741473037348803e-06,92.25719961385832,0.8436164861701284,0.9336997478315183
23062,0.0002338887222156397,0.0003196046242475564,-36.64815525089266,0.8237892704795824,0.7208313833798601
94366,4.130051118166888e-05,2.168361102406098e-05,47.49795970156129,0.7959473112123637,0.9256380068835117
50871,0.0003934389345693156,0.00019213305644200137,51.165723684077435,0.8032719187307025,0.9240863743699888
69944,5.1910786814152544e-05,2.9455579898678005e-05,43.25730410495826,0.7523045873069678,0.9728277841969292
2257,4.431685442710531e-05,7.266114604504147e-05,-63.95826595625903,0.816679305817673,0.7115889108027059
60956,0.00015960337298247864,0.00040249809597126305,-152.1864597532344,0.8324948479861191,0.560557899652769
45855,0.0007826832332063322,0.0008836233457245027,-12.89667495554494,0.7425739503557395,0.8081600568764329
26039,0.00039449966161372597,0.0005107761338571853,-29.474416218209935,0.7808779830258031,0.7015780618983883
96952,0.0005812807656303459,0.0003699851824877277,36.35000427263191,0.7757034245302842,0.8491588286593978
81251,4.2795689488707e-05,1.9249729628367955e-05,55.019466076256094,0.6422578985850337,0.9697644116387001
130842,0.0003603206113180762,0.0005430121147025484,-50.70248485541108,0.8357019224415759,0.7595161754880027
127652,0.000235394456962785,0.0002452056148717614,-4.167964715722885,0.8394659010808662,0.7667661218780571
61741,0.00019490911147632486,0.0001061668154083495,45.530091125962926,0.5991471867156161,0.7351319777788238
86228,5.133001323052421e-05,2.2129734506542974e-05,56.887339172974976,0.8309890349223963,0.9126772744915072
15757,0.001596911263673438,0.0023693743353876803,-48.37232282633633,0.6265439678782007,0.3686018402207759
60275,8.645284069180283e-05,2.8723023409840082e-05,66.77607909700126,0.8276729606206529,0.9134404101874077
88905,0.0003659429081345565,0.0002459178179947663,32.79885672648621,0.5650682601624851,0.8050344964770424
106641,8.915491355044091e-05,0.0001253009118547113,-40.54291217928238,0.8316589853891186,0.8097697796941535
636,6.717990718823239e-05,8.664693210839672e-05,-28.977451346604845,0.8479678837554107,0.8172581331565751
110426,4.8149927982120884e-05,2.3542772532069947e-05,51.105279864983615,0.7626969897772011,0.8029355130515272
118102,3.323666950380754e-05,3.587747520658847e-05,-7.9454582610282385,0.9039702190150245,0.936773367514748
80643,0.00016254808127613227,0.0001479937077456129,8.953888238025279,0.6663620509353206,0.7243641023902428
40817,0.0002408180261375478,0.0001865638048076954,22.52913629433375,0.8823254930350912,0.9103699982534535
133332,0.0009118477314867753,0.00079897932229383,12.377988703104236,0.4225931341680668,0.4738047904860209
120129,3.8842596033953196e-05,2.781144164364046e-05,28.39963214783624,0.7403958642738967,0.7576065107252102
31244,0.0003443487893584323,0.00016894364056407456,50.93822142402792,0.778864403879124,0.886159918588412
68731,0.0010973046266924999,0.0009153246409657499,16.584272161074797,0.758162581661995,0.7994899398322115
47115,6.0170556718849306e-05,4.472110178728161e-05,25.67610435076452,0.8607345738339576,0.8990437371167036
100635,5.6966634088947124e-05,3.504062702076275e-06,93.84892093746478,0.7585187433461739,0.9890655808875661
47746,0.0003182676800716374,0.00028608022233386456,10.1133290475891,0.7849439996040687,0.9138149619661616
100412,0.00012474149404649392,0.00018221858782597282,-46.076964380477854,0.8690131460154285,0.9321065547773427
120526,6.557947518891025e-05,8.736057581246355e-06,86.67867109933253,0.7281277617952657,0.9641756138599556
33459,0.00017794236343868006,0.00018527457797042405,-4.12055588677775,0.7269220478510996,0.7823239497258309
126259,0.00024319070676432727,0.00023856186563076808,1.9033791196819605,0.8955595614805912,0.8329031204717384
4312,0.004430724315921256,0.0029850983548220878,32.62730556050376,0.6783728531612416,0.898264659766904
93121,0.0001543106801661425,0.00014489092948748283,6.104406168463286,0.8404369288553131,0.8381038634957269
77857,8.708813346590127e-05,0.00012717862454512168,-46.03439008704619,0.705586102088835,0.5737944138571042
13728,4.424664518143404e-05,2.5553548007169144e-05,42.247490397551196,0.8863352101428004,0.992309279086037
49384,0.0003883978875014289,0.0006439591206136669,-65.798821604378,0.8746474114306222,0.6710427924642479
120190,0.00010547590160147955,3.734866835961968e-05,64.59033031001294,0.5357996126159486,0.8418728579007154
89325,0.00023990955044579705,0.00018604142955561288,22.45351249672515,0.800985305543441,0.8408473214746797
35503,0.0001363837601167894,0.000233469876812975,-71.18598036382625,0.9120804233125619,0.8297055923651863
35786,4.952950872244155e-05,9.609388267557071e-06,80.598660242307,0.814980882124925,0.9644326559470261
19689,2.3564278595740488e-05,3.743855603713735e-05,-58.87843069341743,0.8655851074840181,0.7232583324579073
85055,8.576554854333698e-05,1.80975813115638e-05,78.89877506885044,0.8672498944788534,0.9738704192721584
86707,0.00017471305692750362,6.738802515139454e-05,61.42931367782266,0.7343120616710171,0.9687017399003791
87432,5.23541367718397e-05,2.1887996618321533e-05,58.19242190218926,0.7862075815838638,0.9281101285351133
51910,0.0002763313721623887,0.0004742044853885778,-71.60718367869832,0.8092570724464317,0.6388876791073608
13730,5.51415990409953e-05,2.0704092983348717e-06,96.24528607377594,0.8932136539088168,0.9920340741146617
55514,0.0001966043421606987,0.000539198096470212,-174.2554363471215,0.848510508433118,0.9463497610120374
99562,0.00011415044798035199,5.751584657473332e-05,49.61399837464224,0.5911372189400618,0.6255791286012675
100926,5.221149364032373e-05,2.6653289754793635e-05,48.95129808313146,0.7084088888900405,0.8221435958594744
12887,3.8193847464833394e-05,6.058377948469552e-05,-58.62182918460213,0.9241564612390698,0.9647431344135471
111714,6.263906035911222e-05,7.023978957633001e-05,-12.134168637975257,0.9004944745131217,0.8780814924555425
65378,0.0001527698299365931,0.0002455335485132997,-60.721229195062946,0.8617715199214504,0.7548113517243256
45246,0.00010603583476117568,5.15649711361587e-05,51.370240775395985,0.8062933873433589,0.9544096064690535
9507,5.105481803706449e-05,2.8966646080018068e-05,43.26363858747078,0.7350983871356163,0.9910011585921467
1754,8.271431585386927e-05,9.767897623298248e-05,-18.091983503256145,0.8048673191449847,0.8248039691045651
97164,0.00020180771008630708,7.667070242337905e-05,62.00804102549437,0.8524638442518804,0.9453291447378391
122841,0.0002063993588159865,3.525943486032768e-05,82.91688740575842,0.7178016250481897,0.9593611035025114
64142,6.1031185310570944e-05,2.4741641803156162e-05,59.4606565852314,0.6960906154309363,0.9671091548810712
96335,7.049906266969344e-05,1.9060943609779148e-05,72.96284108189543,0.7309480028652582,0.8293242158015129
28318,0.0004149714712767972,0.00040164921579560395,3.2104027393022725,0.7711194189622095,0.6967379011535862
101567,5.804742947058842e-05,5.76942371944651e-05,0.6084546367419732,0.8556841748676077,0.8851133002686308
70948,9.697522574142818e-05,5.853695863832182e-05,39.63720301677565,0.6392171675285738,0.7967003158062242
66929,5.9518218327028055e-05,2.3518205371556577e-05,60.485703314683,0.7114855515987889,0.9498233928562956
130375,0.0010620173500006072,0.0013207057152541206,-24.35820518877262,0.6093444767376398,0.4820242476168782
70778,5.354664336765153e-05,1.929476358937294e-05,63.966436781302995,0.6890148800700232,0.8608617986493374
